[
    {
        "name":"mail",
        "title":"邮箱",
        "version":"1.0",
        "date":"2020-07-05",
        "help":"",
        "ps":"宝塔邮箱消息通道，用于接收面板消息推送"
    },
    {
        "name":"dingding",
        "title":"钉钉",
        "version":"1.1",
        "date":"2020-08-05",
        "help":"https://www.bt.cn/bbs/thread-44497-1-1.html",
        "ps":"宝塔钉钉消息通道，用于接收面板消息推送"
    },
	{
        "name":"weixin",
        "title":"企业微信",
        "version":"1.1",
        "date":"2020-08-05",
        "help":"https://www.bt.cn/bbs/thread-52540-1-1.html",
        "ps":"宝塔企业微信消息通道，用于接收面板消息推送"
    },
	{
        "name":"sms",
        "title":"短信通知",
        "version":"1.0",
        "date":"2021-06-09",
        "help":"https://www.bt.cn",
        "ps":"宝塔短信通知，用于接收面板消息推送"
    }
]
